step,epoch,train_loss: 
49,0,0.651942789554596
99,1,0.5950556397438049
149,2,0.568498969078064
199,3,0.5593886971473694
249,4,0.5350410342216492
299,5,0.5279853940010071
349,5,0.5121322870254517
399,6,0.5004928112030029
449,7,0.48567166924476624
499,8,0.48002389073371887
549,9,0.4720843434333801
599,10,0.46398094296455383
649,11,0.46576353907585144
699,11,0.46651211380958557
749,12,0.45045143365859985
