train_loss: ,step,epoch
0.6622151732444763,49,0
0.5988114476203918,99,1
0.584383487701416,149,2
0.5494664311408997,199,3
0.547097384929657,249,4
0.5232736468315125,299,5
0.5216833353042603,349,5
0.4971580505371094,399,6
0.497540146112442,449,7
0.4880405366420746,499,8
0.47946757078170776,549,9
